{
	"common": {
		"language_list": ["en", "ru", "id", "it", "es", "vi" ],
		"lang": ["lang", "language", "язык", "bahasa", "lingua", "idioma", "ngôn ngữ", "ngôn" ],
		"language_selection": "Please, select language\nПожалуйста, выберите язык\nHarap pilih bahasa\nPer favore, selezionare una lingua\nPor favor, seleccione un idioma\nXin vui lòng, hãy chọn ngôn ngữ\n",
		"language_keyboard": [["EN 🇬🇧 🇺🇸", "RU 🇷🇺"], ["ID 🇮🇩", "IT 🇮🇹"], ["ES 🇪🇸", "VI 🇻🇳"], ["Back ↩"]]
	},
	"commands": {
		"help": [ "help", "support", "помощь", "подержка", "bantuan", "dukungan", "aiuto", "supporto", "ayuda", "soporte", "giúp đỡ", "hỗ trợ", "trợ giúp" ],
		"account": [ "account", "balance", "registration", "register", "аккаунт", "баланс", "регистрация", "зарегистрироваться", "akun", "saldo", "pendaftaran", "registrazione", "cuenta", "balance", "registro", "tài khoản", "cân đối", "đăng ký" ],
		"send": [ "send", "отправить", "послать", "kirim", "invia", "enviar", "gửi" ],
		"block_count": [ "block count", "block_count", "блок", "блоки", "blok terhitung", "blok", "blocchi", "conteo de bloques", "conteo_bloques", "khối đếm" ],
		"start": [ "start", "hello", "hi", "старт", "начать", "привет", "memulai", "inizia", "ciao", "iniciar", "hola", "bắt đầu","xin chào" ],
		"price": [ "price", "market", "trade", "цена", "рынок", "торговля", "harga", "pasar", "prezzo", "mercato", "scambia", "precio", "mercado", "comercio", "giá", "chợ", "buôn bán" ],
		"price_above": [ "price_above", "цена_выше" ],
		"price_below": [ "price_below", "цена_ниже" ],
		"price_flush": [ "price_flush", "price_delete", "цена_очистить", "цена_удалить" ],
		"account_add": [ "account_add", "accounts_add", "аккаунт_добавить", "akun_tambahkan" ],
		"account_list": [ "account_list", "accounts_list", "аккаунт_список", "аккаунты_список", "akun_daftar" ],
		"accounts_hide": [ "accounts_hide", "аккаунты_скрыть", "akun_sembunyikan" ],
		"accounts_expand": [ "accounts_expand", "аккаунты_развернуть", "akun_memperluas" ],
		"send_from": [ "send_from", "отправить_с", "послать_с", "kirim_dari" ],
		"send_all": [ "send_all", "send_everything", "отправить_все", "отправить_всё" ],
		"yes": [ "yes", "confirm", "да", "подтвердить", "подтверждаю", "ya", "confirmasi", "sì", "si", "conferma", "confirmar", "vâng", "xác nhận" ],
		"not": [ "no", "not", "cancel", "stop", "нет", "отмена", "отменить", "tidak", "batal", "berhenti", "annulla", "cancelar", "detener", "không", "hủy bỏ", "dừng lại" ]
	},
	"en": {
		"menu": [["Account", "Send"], ["Price", "Lang 🇬🇧 🇷🇺 🇮🇩"], ["Help"]],
		"yes_no": [["Yes", "No"]],
		"account_add": "account_add",
		"account_list": "account_list",
		"accounts_hide": "accounts_hide",
		"accounts_expand": "accounts_expand",
		"send_from_command": "send_from",
		"price_above": "price_above",
		"price_below": "price_below",
		"price_flush": "price_flush",
		"delimeter": ":,",
		"error": "Error",
		"value_error": "Value error",
		"ping": "Your @RaiWalletBot is ready",
		"command_not_found": "Command not found\nPress \"Help\" to show available commands\nType /help for advanced usage",
		"ddos_error": "You cannot send commands faster than once in {0} seconds",
		"start_introduce": "Hello!\nI am @RaiWalletBot – your Telegram bot to manage RaiBlocks cryptocurrency",
		"start_basic_commands": "Here are some basic commands to control your wallet\nPress \"Account\" to show account & check balance\nPress \"Price\" to show XRB (Mrai) market price\nPress \"Send\" to start sending\n\nCurrent fee for outcoming transaction: *{0} XRB | 0 XRB* once in 24 hours{2}Current minimum to receive: *0.1 XRB (Mrai)*\nCurrent minimum to send: *{1} XRB (Mrai) + fee*\n\nfor advanced commands type /help",
		"start_learn_more": "Learn more about RaiBlocks cryptocurrency & earn some free XRB (Mrai) at [raiblockscommunity.net](https://raiblockscommunity.net) or in group @RaiBlocks!\nTrading: [BitGrail](https://bitgrail.com/market/BTC-XRB), [Mercatox](https://mercatox.com/exchange), @RaiBlocksTradeBot, @RaiBlocksTrade, more options coming soon!..\n\nTHE BOT IS PROVIDED \"AS IS\" AND THE AUTHOR DISCLAIMS ALL WARRANTIES WITH REGARD TO THIS BOT. YOU ASSUME THE RESPONSIBILITY FOR YOUR ACTIONS, AND NO REFUNDS WILL BE ISSUED",
		"help_learn_more": "Learn more about RaiBlocks cryptocurrency & earn some free XRB (Mrai) at [raiblockscommunity.net](https://raiblockscommunity.net) or in group @RaiBlocks!\nTrading: [BitGrail](https://bitgrail.com/market/BTC-XRB), [Mercatox](https://mercatox.com/exchange), @RaiBlocksTradeBot, @RaiBlocksTrade, more options coming soon!..\n\nAny suggestions or bugs? Contact me @SergSW\nTHE BOT IS PROVIDED \"AS IS\"",
		"help_advanced_usage": "For basic commands press \"Help\" button\nHere are some advanced commands to control your wallet \n /help — receive list of available commands\n /account — create account, show account & check balance\n /accounts\\_list — multiple accounts management\n /block\\_count — check our wallet is up-to-date!\n /send amount xrb\\_account optional\\_pass — send XRB (Mrai) to other xrb\\_account\n /password HereYourPass  — protect account with password\n /password\\_delete HereYourPass — delete existing password\n /price — show XRB (Mrai) market price\n /seed — show bot backup Seed\n\nCurrent fee for outcoming transaction: *{0} XRB | 0 XRB* once in 24 hours{2}Current minimum to receive: *0.1 XRB (Mrai)*\nCurrent minimum to send: *{1} XRB (Mrai) + fee*",
		"account_balance_zero": "Your balance is *0 XRB (Mrai)*. Send some XRB (Mrai) to your account or claim with hourly [RaiBlocks faucet]({0})",
		"account_balance_low": "Your balance: *{2} XRB (Mrai)*. It is less than current fee {3} XRB (Mrai) + minimal send {4} XRB (Mrai). Send some XRB (Mrai) to your account or claim with hourly [RaiBlocks faucet]({0})",
		"account_balance": "Your balance: *{0} XRB (Mrai)*\n~ {1} BTC\nSend limit: {2} XRB (Mrai)",
		"account_balance_total": "Your balance: *{0} XRB (Mrai)*\nSend limit: {2} XRB (Mrai)\nTotal accounts balance: *{3} XRB (Mrai)*\n~ {1} BTC",
		"account_your": "Your RaiBlocks account",
		"account_history": "[account in explorer — history]({1}{0})\n[distribution — earn with hourly faucet]({2})\nAdditional accounts:{3}\n/account\\_add   /accounts\\_hide",
		"account_explorer": "[account in explorer]({1}{0})",
		"account_created": "We create new RaiBlocks account for you! Your account",
		"account_balance_start": "Your start balance is 0 XRB (Mrai). \"This account does not exist on the blockchain yet\" means that you did not receive any XRB (Mrai) yet.\nSend some XRB (Mrai) to your account or claim with hourly [RaiBlocks faucet]({0})",
		"account_error": "Error creating account. Try again later",
		"account_extra_limit": "You reach limit of additional accounts: *{0}*",
		"send_low_balance": "Your balance is too small to send. Current fee: {0} XRB (Mrai). Minimal send: {1} XRB (Mrai)",
		"send_limit_max": "You cannot send more than your balance – {0} XRB (Mrai) fee. Your current limit: {1} XRB (Mrai)",
		"send_limit_min": "You cannot send less than minimum {0} XRB (Mrai)",
		"send_user": "User {0} found. His account: {1}",
		"send_user_not_found": "User {0} not found. Perhaps he does not have account in @RaiWalletBot. Invite him!",
		"send_completed": "Transaction completed. Fee: {0} XRB (Mrai). Your current balance: *{1} XRB (Mrai)*. Transaction hash",
		"send_hash": "[hash in block explorer]({1}{0})",
		"send_tx_error": "Transaction failed. Try again later. Your current balance: *{0} XRB (Mrai)*",
		"send_error": "Failed to send. Try again later",
		"send_password": "Password you entered is incorrent. Type your password to confirm transaction",
		"send_frontier": "As additional level of protection we check your last transaction hash at raiblockscommunity.net. Your last block was not found at website yet. Try send later",
		"send_invalid": "Destination xrb\\_account is invalid",
		"send_digits": "Send amount must contain Integer or Float ONLY",
		"send_no_account": "You do not have RaiBlocks account yet. Type /account to begin",
		"send_no_account_text": "You do not have RaiBlocks account yet. Press \"Account\" to begin",
		"send_wrong_command": "Use command /send amount xrb\\_account\nExample: /send {0} {1}\nOr use command /send\\_from id\\_num amount xrb\\_account\nExample: /send\\_from 1 100 {1}\n\nOr simple press \"Send\" button",
		"send_amount": "Please specify amount of XRB (Mrai) you want to send. Current fee: {0} XRB (Mrai). Minimal send: {1} XRB (Mrai)",
		"send_destination": "Please specify destination xrb\\_account or @UserName (starts with @ sign) or upload QR code (clean, best quality image)",
		"send_confirm": "Confirm you want to send *{0} XRB (Mrai)* to *{2}*\nIt will cost you *{1} XRB (Mrai)* with fees",
		"send_working": "Working on your transaction...",
		"send_cancelled": "Payment cancelled",
		"send_from_id_error": "There is no id {0} for your account",
		"send_from": "Send from account {0}",
		"send_mass": "Mass send in progress...",
		"send_all": "/send\\_all — send from all additional accounts to main",
		"price": "_RaiBlocks (XRB) price_\nLast (BitGrail): *{3} BTC*\nAsk (BitGrail): *{4} BTC*\nBid (BitGrail): *{5} BTC*\n\nLast (Mercatox): *{0} BTC*\nAsk (Mercatox): *{1} BTC*\nBid (Mercatox): *{2} BTC*\n\n24 hours Volume: *{8} XRB (Mrai)*\n*{9} BTC*\n24 hours High: *{6} BTC*\n24 hours Low: *{7} BTC*",
		"price_options": "Price monitoring: /price\\_above, /price\\_below\n\nTrading: [BitGrail](https://bitgrail.com/market/BTC-XRB), [Mercatox](https://mercatox.com/exchange), @RaiBlocksTradeBot, @RaiBlocksTrade, more options coming soon!..",
		"text_decode_error": "Sorry, but I cannot read your text",
		"qr_send": "Send to account *{0}*",
		"qr_recognize_error": "Sorry, but I cannot recognize your QR code",
		"qr_account_error": "Sorry, but I cannot find xrb\\_account in your QR code",
		"password_success": "Now your account is protected with password!\n*DO NOT FORGET password, we cannot help you, if you lose it!\nDelete all messages with password so no one can retrieve pass from history!*",
		"password_uppercase": "Password must include UPPERCASE letters, lowercase letters and digits",
		"password_short": "Your password is too short, please enter a longer password and try again. Password must be at least 8 characters including uppercase letters, lowercase letters and digits",
		"password_not_empty": "You should delete old password before set new. Use command:\n/password\\_delete HereYourPass",
		"password_command": "Use command\n/password HereYourPass",
		"password_delete_success": "Your old password was successfully deleted. Use this command to set new password:\n/password HereYourPass",
		"password_delete_command": "Use command\n/password\\_delete HereYourPass",
		"password_error": "Password you entered is incorrent. Try again",
		"language": "Your language is English",
		"language_command": "Use command\n/language LangCode",
		"language_error": "Failed to set new. language Try again later",
		"faucet_top": "Faucet claiming period is almost over. You made ~{1} claims this hour. Estimated reward: {2} XRB (Mrai)\nCongratulations, you are one of the Top claimers! You will receive your XRB (Mrai) in the next few minutes",
		"faucet_usual": "Faucet claiming period is almost over. You made ~{1} claims this hour. Estimated reward: {2} XRB (Mrai)\nYou will receive your XRB (Mrai) in the next 12 minutes",
		"faucet_low": "Faucet claiming period is almost over. You made ~{1} claims this hour. Estimated reward less than 0.1 XRB (Mrai)\nYou have to send or claim more XRB (Mrai) to your account {0}",
		"faucet_claims": "Faucet claiming period is almost over. You collect ~{0} claims",
		"frontiers_sender_faucet": " from Faucet/Landing",
		"frontiers_sender_bot": " from @RaiWalletBot itself",
		"frontiers_sender_self": " from you",
		"frontiers_sender_username": " from @{0}",
		"frontiers_sender_account": " from {0}",
		"frontiers_sender_users": " from one of our users {0}",
		"frontiers_sender_by": " by account {1}{0}",
		"frontiers_receive": "*{0} XRB (Mrai)* received{5}. Transaction hash: [{3}]({4}{3})\nYour current balance: *{1} XRB (Mrai)*. Send limit: {2} XRB (Mrai)",
		"prices_above": "XRB prices at {0} reach *{1}* BTC",
		"prices_below": "XRB prices at {0} drop below *{1}* BTC",
		"prices_digits": "Command supports integers for satoshi and float for Bitcoin. Example:",
		"prices_success": "XRB price monitoring enabled at level *{0}* BTC. Disable with /price\\_flush",
		"prices_flushed": "Price monitoring was disabled",
		"seed_creation": "Save your Seed for @RaiWalletBot! With Seed you can restore bot account via support even if you lose access to Telegram account (bot Seed is not RaiBlocks desktop wallet Seed). Do not share secret Seed to other users!\nYour Seed is:\n*{0}*",
		"seed_protected": "Use command /seed YourPassword to see Seed"
	},
	"ru": {
		"menu": [["Аккаунт", "Отправить"], ["Цена", "Язык 🇬🇧 🇷🇺 🇮🇩"], ["Помощь"]],
		"yes_no": [["Да", "Нет"]],
		"account_add": "аккаунт_добавить",
		"account_list": "аккаунты_список",
		"accounts_hide": "аккаунты_скрыть",
		"accounts_expand": "аккаунты_развернуть",
		"send_from_command": "отправить_с",
		"price_above": "цена_выше",
		"price_below": "цена_ниже",
		"price_flush": "цена_очистить",
		"delimeter": ": ",
		"error": "Ошибка",
		"value_error": "Ошибочное значение",
		"ping": "@RaiWalletBot ждет указаний",
		"command_not_found": "Команда не найдена\nНажмите \"Помощь\", чтобы получить список доступных команд\nВведите /помощь для получения расширенного списка команд",
		"ddos_error": "Вы не можете отправлять команды чаще, чем раз в {0} секунд",
		"start_introduce": "Добро пожаловать!\nЯ @RaiWalletBot – ваш Telegram-бот для управления кошельком криптовалюты RaiBlocks",
		"start_basic_commands": "Базовые команды для управления вашим кошельком:\nНажмите \"Аккаунт\", чтобы узнать ваш аккаунт и баланс\nНажмите \"Цена\", чтобы показать рыночную цену\nНажмите \"Отправить\", чтобы начать отправку средств\n\nРазмер комиссии на исходящие транзакции: *{0} XRB | 0 XRB* раз в 24ч{2}Минимум пополнения: *0.1 XRB (Mrai)*\nМинимум отправки: *{1} XRB (Mrai) + комиссия*\n\nдля получения расширенного списка команд введите /помощь",
		"start_learn_more": "Узнайте больше о криптовалюте RaiBlocks и получите бесплатные XRB (Mrai) на сайте [raiblockscommunity.net](https://raiblockscommunity.net), в группе @RaiBlocksRU и на [форуме BitcoinTalk](https://bitcointalk.org/index.php?topic=1751492.0)!\nТорговля: [BitGrail](https://bitgrail.com/market/BTC-XRB), [Mercatox](https://mercatox.com/exchange), @RaiBlocksTradeBot, @RaiBlocksTrade, новые возможности торговли в ближайшем будущем!..\n\nБОТ ПРЕДОСТАВЛЯЕТСЯ \"КАК ЕСТЬ\", И АВТОР ОТКАЗЫВАЕТСЯ ОТ ВСЕХ ГАРАНТИЙ В ОТНОШЕНИИ БОТА. ВЫ ПРИНИМАЕТЕ ОТВЕТСТВЕННОСТЬ ЗА ВСЕ ВАШИ ДЕЙСТВИЯ В ОТНОШЕНИИ БОТА, ВОЗВРАТ СРЕДСТВ НЕ ОСУЩЕСТВЛЯЕТСЯ",
		"help_learn_more": "Узнайте больше о криптовалюте RaiBlocks и получите бесплатные XRB (Mrai) на сайте [raiblockscommunity.net](https://raiblockscommunity.net), в группе @RaiBlocksRU и на [форуме BitcoinTalk](https://bitcointalk.org/index.php?topic=1751492.0)!\nТорговля: [BitGrail](https://bitgrail.com/market/BTC-XRB), [Mercatox](https://mercatox.com/exchange), @RaiBlocksTradeBot, @RaiBlocksTrade, новые возможности торговли в ближайшем будущем!..\n\nНашли баги или есть предложения по работе бота? напишите мне @SergSW\nБОТ ПРЕДОСТАВЛЯЕТСЯ \"КАК ЕСТЬ\"",
		"help_advanced_usage": "Для получения списка базовых команд нажмите кнопку \"Помощь\"\nРасширенный список команд для управления ботом-кошельком: \n /помощь — отобразить список расширенных команд\n /аккаунт — создать аккаунт, узнать ваш аккаунт и баланс\n /аккаунты\\_список — multiple accounts management\n /block\\_count — проверьте, совпадает ли количество блоков с сетью!\n /отправить кол-во xrb\\_аккаунт пароль — отправить XRB (Mrai) на другой xrb\\_аккаунт\n /password ЗдесьСложныйПароль — защитите аккаунт дополнительным паролем\n /password\\_delete ЗдесьСложныйПароль — удалите имеющийся пароль\n /цена — показать рыночную цену XRB (Mrai)\n /seed — показать Seed для восстановления бота\n\nРазмер комиссии на исходящие транзакции: *{0} XRB | 0 XRB* раз в 24ч{2}Минимум пополнения: *0.1 XRB (Mrai)*\nМинимум отправки: *{1} XRB (Mrai) + комиссия*",
		"account_balance_zero": "Ваш баланс *0 XRB (Mrai)*. Отправьте XRB (Mrai) на ваш аккаунт или получите выплату с ежечасной [распределительной капчи RaiBlocks]({0})",
		"account_balance_low": "Ваш баланс: *{2} XRB (Mrai)*. Это меньше, чем комиссия {3} XRB (Mrai) + минимум отправки {4} XRB (Mrai). Отправьте XRB (Mrai) на ваш аккаунт или получите выплату с ежечасной [распределительной капчи RaiBlocks]({0})",
		"account_balance": "Ваш баланс: *{0} XRB (Mrai)*\n~ {1} BTC\nЛимит на отправку: {2} XRB (Mrai)",
		"account_balance_total": "Ваш баланс: *{0} XRB (Mrai)*\nЛимит на отправку: {2} XRB (Mrai)\nОбщий баланс аккаунтов: *{3} XRB (Mrai)*\n~ {1} BTC",
		"account_your": "Ваш аккаунт RaiBlocks",
		"account_history": "[история аккаунта на сайте]({1}{0})\n[ежечасная распределительная капча]({2})\nДополнительные аккаунты:{3}\n/аккаунт\\_добавить   /аккаунты\\_скрыть",
		"account_explorer": "[аккаунт на сайте]({1}{0})",
		"account_created": "Мы создали для вас новый аккаунт RaiBlocks! Ваш аккаунт:",
		"account_balance_start": "Ваш начальный баланс 0 XRB (Mrai). \"This account does not exist on the blockchain yet\" означает, что вы еще не получили ни одного XRB (Mrai).\nОтправьте XRB (Mrai) на ваш аккаунт или получите выплату с ежечасной [распределительной капчи RaiBlocks]({0})",
		"account_error": "Ошибка при создании аккаунта. Попробуйте позднее",
		"account_extra_limit": "Вы достигли лимита дополнительных аккаунтов: *{0}*",
		"send_low_balance": "Вашего баланса недостаточно для отправки. Комиссия: {0} XRB (Mrai). Минимум отправки: {1} XRB (Mrai)",
		"send_limit_max": "Вы не можете отправить больше, чем ваш баланс – {0} XRB (Mrai) комиссия. Ваш лимит отправки: {1} XRB (Mrai)",
		"send_limit_min": "Вы не можете отправить меньше, чем установленный минимум {0} XRB (Mrai)",
		"send_user": "Пользователь {0} найден. Его аккаунт: {1}",
		"send_user_not_found": "Пользователь {0} не найден. Похоже, у него еще нет аккаунта в @RaiWalletBot. Пригласите его!",
		"send_completed": "Транзакция завершена. Комиссия: {0} XRB (Mrai). Ваш баланс: *{1} XRB (Mrai)*. Хэш транзакции:",
		"send_hash": "[хэш на сайте]({1}{0})",
		"send_tx_error": "Ошибка транзакции. Попробуйте позднее. Ваш баланс: *{0} XRB (Mrai)*",
		"send_error": "Ошибка отправки. Попробуйте позднее",
		"send_password": "Вы ввели неверный пароль. Введите корректный пароль, чтобы подтвердить транзакцию",
		"send_frontier": "В качестве дополнительного уровня защиты мы проверяем хэш вашей последней транзакции на сайте raiblockscommunity.net. Ваш последний блок пока не был найден на сайте. Попробуйте отправку позднее",
		"send_invalid": "Вы пытаетесь отправить средства на неправильный xrb\\_аккаунт",
		"send_digits": "Кол-во для отправки должно содержать ТОЛЬКО числа",
		"send_no_account": "У вас еще нет аккаунта RaiBlocks. Чтобы создать его, введите /аккаунт",
		"send_no_account_text": "У вас еще нет аккаунта RaiBlocks. Чтобы создать его, нажмите \"Аккаунт\" ",
		"send_wrong_command": "Используйте команду /отправить кол-во xrb\\_аккаунт\nПример: /отправить {0} {1}\nИли используйте команду /отправить\\_с номер кол-во xrb\\_аккаунт\nПример: /отправить\\_с 1 100 {1}\n\nИли просто нажмите кнопку \"Отправить\" ",
		"send_amount": "Укажите кол-во XRB (Mrai), которое вы хотите отправить. Комиссия: {0} XRB (Mrai). Минимум отправки: {1} XRB (Mrai)",
		"send_destination": "Укажите, куда вы хотите отправить средства: xrb\\_аккаунт или @ИмяПользователя (начинается со знака @) или загрузите QR-код (требуется изображение хорошего качества)",
		"send_confirm": "Подтвердите отправку *{0} XRB (Mrai)* на аккаунт *{2}*\nЭто будет стоить *{1} XRB (Mrai)* с учетом комиссии",
		"send_working": "Транзакция в обработке...",
		"send_cancelled": "Платеж отменен",
		"send_from_id_error": "Для вашего аккаунта не зарегистрирован ИД {0}",
		"send_from": "Отправить с аккаунта {0}",
		"send_mass": "Начало массовой отправки...",
		"send_all": "/отправить\\_все — команда для отправки со всех аккаунтов на центральный",
		"price": "_Цена RaiBlocks (XRB)_\nПоследняя (BitGrail): *{3} BTC*\nПродажа (BitGrail): *{4} BTC*\nПокупка (BitGrail): *{5} BTC*\n\nПоследняя (Mercatox): *{0} BTC*\nПродажа (Mercatox): *{1} BTC*\nПокупка (Mercatox): *{2} BTC*\n\nОбъем торгов 24ч: *{8} XRB (Mrai)*\n*{9} BTC*\nМаксимум 24ч: *{6} BTC*\nМинимум 24ч: *{7} BTC*",
		"price_options": "Слежение за ценами: /цена\\_выше, /цена\\_ниже\n\nТорговля: [BitGrail](https://bitgrail.com/market/BTC-XRB), [Mercatox](https://mercatox.com/exchange), @RaiBlocksTradeBot, @RaiBlocksTrade, новые возможности торговли в ближайшем будущем!..",
		"text_decode_error": "Простите, не могу прочитать данный текст",
		"qr_send": "Отправить аккаунту *{0}*",
		"qr_recognize_error": "Простите, не могу распознать данный QR-код",
		"qr_account_error": "Простите, не могу найти xrb\\_аккаунт в вашем QR-коде",
		"password_success": "Теперь ваш аккаунт защищен дополнительным паролем!\n*НЕ ЗАБЫВАЙТЕ ПАРОЛЬ, мы не сможем помочь вам, если вы его потеряете!\nУдалите все сообщения с паролем из истории переписки, чтобы никто не мог подсмотреть их!*",
		"password_uppercase": "Пароль должен включать буквы в ВЕРХНЕМ РЕГИСТЕ, нижнем регистре и цифры",
		"password_short": "Ваш пароль слишком короткий. Пожалуйста, попробуйте введите более длинный пароль. Пароль должен состоять как минимум из 8 символов, включая буквы в верхнем и нижнем регистре, а также цифры",
		"password_not_empty": "Вы должны удалить старый пароль, прежде чем устанавливать новый. Используйте команду:\n/password\\_delete ЗдесьСложныйПароль",
		"password_command": "Используйте команду\n/password ЗдесьСложныйПароль",
		"password_delete_success": "Ваш старый пароль был успешно удален. Для установки нового пароля используйте команду:\n/password ЗдесьСложныйПароль",
		"password_delete_command": "Используйте команду\n/password\\_delete ЗдесьСложныйПароль",
		"password_error": "Вы ввели неверный пароль. Попробуйте еще раз",
		"language": "Ваш язык — Русский",
		"language_command": "Используйте команду\n/язык КодЯзыка",
		"language_error": "Не удалось установить новый язык. Попробуйте позднее",
		"faucet_top": "Период дистрибуции практически завершен. За этот час вы сделали ~{1} кликов. Ожидаемая награда: {2} XRB (Mrai)\nИскренние поздравления, вы один из лучших кликеров! Вы получите XRB (Mrai) в течение несколких минут",
		"faucet_usual": "Период дистрибуции практически завершен. За этот час вы сделали ~{1} кликов. Ожидаемая награда: {2} XRB (Mrai)\nВы получите XRB (Mrai) в течение 12 минут",
		"faucet_low": "Период дистрибуции практически завершен. За этот час вы сделали ~{1} кликов. Ожидаемая награда меньше 0.1 XRB (Mrai)\nпришлите на свой аккаунт {0} XRB (Mrai) или соберите больше кликов на распределительной капче",
		"faucet_claims": "Период дистрибуции практически завершен. Вы набрали ~{0} кликов",
		"frontiers_sender_faucet": " от аккаунта Распределения/Капчи",
		"frontiers_sender_bot": " от самого @RaiWalletBot!",
		"frontiers_sender_self": " от себя",
		"frontiers_sender_username": " от @{0}",
		"frontiers_sender_account": " от {0}",
		"frontiers_sender_users": " от одного из наших пользоваталей {0}",
		"frontiers_sender_by": " на аккаунт {1}{0}",
		"frontiers_receive": "*{0} XRB (Mrai)* получено{5}. Хэш транзакции: [{3}]({4}{3})\nВаш баланс: *{1} XRB (Mrai)*. Лимит отправки: {2} XRB (Mrai)",
		"prices_above": "Цена XRB на {0} достигла *{1}* BTC",
		"prices_below": "Цена XRB на {0} опустилась до *{1}* BTC",
		"prices_digits": "Команда поддерживает цену в целых числах для сатоши и дробных для Биткойна. Пример:",
		"prices_success": "Слежение за ценой XRB на уровне *{0}* BTC. Удаление через /цена\\_удалить",
		"prices_flushed": "Слежение за ценой отменено",
		"seed_creation": "Обязательно сохраните Seed для @RaiWalletBot! С помощью Seed вы сможете восстановить аккаунт через техподдержку, даже если утерян доступ к Telegram (Seed бота - это не Seed десктопного кошелька RaiBlocks). Не делитесь секретным Seed с другими!\nВаш Seed:\n*{0}*",
		"seed_protected": "Используйте команду /seed ВашПароль для просмотра Seed"
	},
	"id": {
		"menu": [["Akun", "Kirim"], ["Harga", "Bahasa 🇬🇧 🇷🇺 🇮🇩"], ["Bantuan"]],
		"yes_no": [["Ya", "Tidak"]],
		"delimeter": ":,",
		"account_add": "akun_tambahkan",
		"account_list": "akun_daftar",
		"accounts_hide": "akun_sembunyikan",
		"accounts_expand": "akun_memperluas",
		"send_from_command": "kirim_dari",
		"ping": "@RaiWalletBot pelaporan",
		"command_not_found": "Perintah tidak ditemukan\nPress \"Bantuan\" untuk menampilkan perintah yang tersedia\nType /bantuan untuk penggunaan lanjutan",
		"ddos_error": "Anda tidak dapat mengirim perintah lebih cepat dari satu kali dalam {0} detik",
		"start_introduce": "Hello!\nSaya @RaiWalletBot – bot Telegram Anda untuk mengelola RaiBlocks cryptocurrency",
		"start_basic_commands": "Berikut adalah beberapa perintah dasar untuk mengendalikan dompet Anda\nTekan \"Akun\" Untuk menunjukkan akun & cek saldo\nTekan \"Harga\" Untuk menunjukkan pasar XRB (Mrai)\nTekan \"Kirim\" Untuk memulai mengirim\n\nBiaya saat ini untuk transaksi keluar: *{0} XRB | 0 XRB* sekali dalam 24 jam{2}Minimum saat ini untuk menerima: *0.1 XRB (Mrai)*\nMinimum saat ini untuk mengirim: *{1} XRB (Mrai) + biaya*\n\nUntuk tipe perintah lebih lanjut /bantuan",
		"start_learn_more": "Pelajari lebih lanjut tentang RaiBlocks cryptocurrency & memperoleh beberapa XRB gratis (Mrai) di [raiblockscommunity.net](https://raiblockscommunity.net) atau di grup @RaiBlocks!\nTrading: [BitGrail](https://bitgrail.com/market/BTC-XRB), [Mercatox](https://mercatox.com/exchange), @RaiblocksTradeBot, @RaiblocksTrade, Lebih banyak pilihan segera hadir!.. \n\nBOT DISEDIAKAN \"BERLAKU\", DAN PENULIS MENYATAKAN SEMUA JAMINAN DENGAN HUBUNGAN INI. ANDA BERTANGGUNG JAWAB ATAS TINDAKAN ANDA, DAN TIDAK ADA PENGEMBALIAN AKAN DIPERHATIKAN",
		"help_learn_more": "Pelajari lebih lanjut tentang RaiBlocks cryptocurrency & memperoleh beberapa XRB gratis (Mrai) di [raiblockscommunity.net](https://raiblockscommunity.net) atau di grup @RaiBlocks!\nTrading: [BitGrail](https://bitgrail.com/market/BTC-XRB), [Mercatox](https://mercatox.com/exchange), @RaiBlocksTradeBot, @RaiBlocksTrade, Lebih banyak pilihan segera hadir!..\n\nBOT DISEDIAKAN \"BERLAKU\"",
		"help_advanced_usage": "Untuk perintah dasar tekan \"Bantuan\" button\nBerikut adalah beberapa perintah lanjutan untuk mengontrol dompet Anda \n /bantuan – daftar perintah yang tersedia\n /akun – buat akun, tampilkan akun & cek saldo\n /accounts\\_list — multiple accounts management\n /block\\_count – Cek dompet kami sudah di update!\n/kirim jumlah xrb\\_akun optional\\_pass – kirim XRB (Mrai) ke xrb lainnya\\_account\n/password HereYourPass – Lindungi akun dengan kata sandi\n/password\\_delete HereYourPass – hapus kata sandi\n/harga – tampilkan XRB (Mrai) pasar\n /seed — show bot backup Seed\n\nBiaya saat ini untuk transaksi keluar: *{0} XRB | 0 XRB* sekali dalam 24 jam{2}Minimum saat ini untuk menerima: *0.1 XRB (Mrai)*\nMinimum saat ini untuk mengirim: *{1} XRB (Mrai) + biaya*",
		"account_balance_zero": "Saldo anda *0 XRB (Mrai)*. Kirimkan beberapa XRB (Mrai) ke akun Anda atau klaim dengan per jam [keran RaiBlock]]({0})",
		"account_balance_low": "Saldo anda *{2} XRB (Mrai)*. Ini kurang dari biaya saat ini {3} XRB (Mrai) + Minimal kirim {4} XRB (Mrai). Kirimkan beberapa XRB (Mrai) ke akun Anda atau",
		"account_balance": "Saldo: *{0} XRB (Mrai)*\n~ {1} BTC\nBatas kirim: {2} XRB (Mrai)",
		"account_balance_total": "Saldo: *{0} XRB (Mrai)*\nBatas kirim: {2} XRB (Mrai)\nTotal saldo akun: *{3} XRB (Mrai)*\n~ {1} BTC",
		"account_your": "Akun Raiblocks anda",
		"account_history": "[pencarian akun – riwayat]({1}{0})\n[distribusi – dapatkan faucet setiap jam]({2})\nAkun tambahan:{3}\n/akun\\_tambahkan   /akun\\_sembunyikan",
		"account_explorer": "[pencarian akun]({1}{0})",
		"account_created": "Kami membuat akun RaiBlock baru untuk Anda! Akun Anda",
		"account_balance_start": "Saldo awal anda 0 XRB (Mrai). \"Akun ini belum ada di blockchain\" (\"This account does not exist on the blockchain yet\") Berarti kamu tidak menerima apapun XRB (Mrai) yet.\nKirimkan beberapa XRB (Mrai) ke akun anda atau klaim setiap jam [RaiBlocks faucet]({0})",
		"account_error": "Kesalahan membuat akun Coba lagi nanti",
		"account_extra_limit": "Anda mencapai batas akun tambahan: *{0}*",
		"send_low_balance": "Saldo Anda terlalu kecil untuk dikirim. Biaya saat ini: {0} XRB (Mrai). Minimal kirim: {1} XRB (Mrai)",
		"send_limit_max": "Anda tidak dapat mengirim lebih dari saldo Anda – {0} XRB (Mrai) fee. Batas Anda saat ini: {1} XRB (Mrai)",
		"send_limit_min": "Anda tidak dapat mengirim kurang dari minimum {0} XRB (Mrai)",
		"send_user": "Pengguna {0} ditemukan. Akunnya: {1}",
		"send_user_not_found": "Pengguna {0} tidak ditemukan. Mungkin dia tidak memiliki akun @RaiWalletBot.  Ajaklah dia!",
		"send_completed": "Transaksi selesai. Biaya: {0} XRB (Mrai). Saldo Anda saat ini: *{1} XRB (Mrai)*. Hash transaksi",
		"send_hash": "[hash di block explorer]({1}{0})",
		"send_tx_error": "Transaksi gagal. Coba lagi nanti. saldo anda saat ini: *{0} XRB (Mrai)*",
		"send_error": "Gagal mengirim. Coba lagi nanti",
		"send_password": "Kata sandi yang Anda masukkan salah. Ketik kata sandi anda untuk konfirmasi transaksi",
		"send_frontier": "Sebagai tingkat perlindungan tambahan, kami memeriksa hash transaksi terakhir Anda di raiblockscommunity.net. Blok terakhir Anda belum ditemukan di situs web. Coba kirim nanti",
		"send_invalid": "Tujuan xrb\\_akun salah",
		"send_digits": "Jumlah kirim harus berisi angka saja",
		"send_no_account": "Anda belum memiliki akun RaiBlocks. Tulis /akun untuk memulai",
		"send_no_account_text": "Anda belum memiliki akun RaiBlocks. Tekan \"Akun\" untuk memulai",
		"send_wrong_command": "Gunakan Perintah /kirim jumlah xrb\\_akun\nContoh: /kirim {0} {1}\nAtau gunakan perintah /kirim\\_dari id\\_num jumlah xrb\\_akun\nContoh: /kirim\\_dari 1 100 {1}\n\nAtau tekan \"Kirim\" Untuk",
		"send_amount": "Harap tentukan jumlah XRB (Mrai) yang ingin Anda kirim. Biaya saat ini: {0} XRB (Mrai). Minimal kirim: {1} XRB (Mrai)",
		"send_destination": "Harap tentukan tujuan xrb\\_akun atau @UserName (dimulai dengan tanda @) atau unggah kode QR (gambar kualitas bersih dan terbaik)",
		"send_confirm": "Konfirmasikan bahwa Anda ingin mengirim *{0} XRB (Mrai)* to *{2}*\nIni akan dikenakan biaya *{1} XRB (Mrai)* dengan biaya",
		"send_working": "Sedang bekerja pada transaksi Anda...",
		"send_cancelled": "Pembayaran dibatalkan",
		"send_from_id_error": "Tidak ada id terdaftar {0} untuk akun anda ",
		"price": "_RaiBlocks (XRB) harga_\nTerakhir (BitGrail): *{3} BTC*\nPermintaan(BitGrail): *{4} BTC*\nPenawaran (BitGrail): *{5} BTC*\n\nTerakhir (Mercatox): *{0} BTC*\nPermintaan (Mercatox): *{1} BTC*\nPenawaran (Mercatox): *{2} BTC*\n\nVolume 24 jam: *{8} XRB (Mrai)*\n*{9} BTC*\n24 jam tertinggi: *{6} BTC*\n24 jam terendah: *{7} BTC*",
		"price_options": "Price monitoring: /price\\_above, /price\\_below\n\nTrading: [BitGrail](https://bitgrail.com/market/BTC-XRB), [Mercatox](https://mercatox.com/exchange), @RaiBlocksTradeBot, @RaiBlocksTrade, opsi lainnya segera hadir! ..",
		"text_decode_error": "Maaf, tapi saya tidak bisa membaca teks anda",
		"qr_send": "Kirim ke akun *{0}*",
		"qr_recognize_error": "Maaf, tapi aku tidak bisa mengenali kode QR kamu",
		"qr_account_error": "Maaf, tapi saya tidak dapat menemukan akun xrb\\_akun in your QR code",
		"password_success": "Sekarang akun Anda dilindungi dengan kata sandi!\n*JANGAN LUPAKAN kata sandi – DO NOT FORGET password, we cannot help you, if you lose it!\nDelete all messages with password so no one can retrieve pass from history!*",
		"password_uppercase": "Kata Sandi harus terdiri dari Huruf Besar, Huruf kecil dan angka",
		"password_short": "sandi Anda terlalu pendek, masukkan password yang lebih panjang dan coba lagi. Password minimal harus 8 karakter termasuk huruf besar, huruf kecil dan angka",
		"password_not_empty": "Anda harus menghapus kata sandi lama sebelum mengaturnya baru. Use command:\n/password\\_delete HereYourPass",
		"password_command": "Use command\n/password HereYourPass",
		"password_delete_success": " Kata sandi lama Anda berhasil dihapus. Use this command to set new password:\n/password HereYourPass",
		"password_delete_command": "Use command\n/password\\_delete HereYourPass",
		"password_error": "Kata sandi yang Anda masukkan salah Coba lagi",
		"language": "Bahasa anda bahasa Indonesia",
		"language_command": "Use command\n/bahasa LangCode",
		"language_error": "Gagal menetapkan bahasa baru. Coba lagi nanti",
		"faucet_top": "Masa klaim faucet hampir berakhir. Anda membuat ~{1} klaim jam ini. Estimasi hadiah: {2} XRB (Mrai)\nCongratulations, Anda adalah salah satu klaim teratas! Anda akan menerima XRB Anda (Mrai) dalam beberapa menit ke depan",
		"faucet_usual": "Masa klaim faucet hampir berakhir. Anda membuat ~{1} klaim jam ini. Estimasi hadiah: {2} XRB (Mrai)\nAnda akan menerima XRB Anda (Mrai) dalam waktu 12 menit",
		"faucet_low": "Masa klaim faucet hampir berakhir. Anda membuat ~{1} klaim jam ini. Estimasi hadiah kurang dari 0.1 XRB (Mrai)\nKirimkan beberapa XRB (Mrai) ke akun anda {0}",
		"faucet_claims": "Masa klaim faucet hampir berakhir. Anda membuat ~{0} klaim jam ini",
		"frontiers_sender_faucet": " dari Faucet/Landing",
		"frontiers_sender_bot": " dari @RaiWalletBot resmi sendiri",
		"frontiers_sender_self": " dari anda",
		"frontiers_sender_username": " dari @{0}",
		"frontiers_sender_account": " dari {0}",
		"frontiers_sender_users": " dari salah satu pengguna kami {0}",
		"frontiers_sender_by": " oleh akun {1}{0}",
		"frontiers_receive": "*{0} XRB (Mrai)* diterima{5}. Hash transaksi: [{3}]({4}{3})\nSaldo Anda saat ini: *{1} XRB (Mrai)*. Batas kirim: {2} XRB (Mrai)"
	},
	"it": {
		"menu": [["Account", "Invia"], ["Prezzo", "Lingua 🇬🇧 🇷🇺 🇮🇹"], ["Aiuto"]],
		"yes_no": [["Sì", "No"]],
		"delimeter": ":,",
		"ping": "Sono @RaiWalletBot, benvenuto!",
		"command_not_found": "Comando non trovato\nPremi \"Aiuto\" per mostrare i comandi disponibili\nDigita /help per i comandi avanzati",
		"ddos_error": "Non puoi inviare comandi più velocemente di una volta ogni  {0} secondi",
		"start_introduce": "Ciao!\nSono @RaiWalletBot – il tuo bot Telegram per usare la criptomoneta RaiBlocks",
		"start_basic_commands": "Ecco alcuni comandi di base per controllare il tuo portafoglio\nPremi \"Account\" per mostrare l'account e controllare il saldo\nPremi \"Prezzo\" per mostrare il valore di mercato di XRB (Mrai)\nPremi \"Invia\" per inviare denaro\n\nCommissione attuale per le transazioni in uscita: *{0} XRB | 0 XRB* una volta in 24 ore{2}Attuale importo minimo ricevibile: *0.1 XRB (Mrai)*\nAttuale importo minimo inviabile: *{1} XRB (Mrai) + commissione*\n\nper i comandi avanzati digitare /help",
		"start_learn_more": "Impara di più su RaiBlocks e ricevi qualche XRB (Mrai) gratis su [raiblockscommunity.net](https://raiblockscommunity.net) o nel gruppo @RaiBlocks!\nPer fare trading: [BitGrail](https://bitgrail.com/market/BTC-XRB), [Mercatox](https://mercatox.com/exchange), @RaiBlocksTradeBot, @RaiBlocksTrade, e altri in arrivo!..\n\nIL BOT E' FORNITO \"COSI' COM'E'\" E GLI AUTORI NON FORNISCONO ALCUNA GARANZIA RIGUARDO AD ESSO. L'UTENTE SI ASSUME LA RESPANSABILITA' PER LE PROPRIE AZIONI, E NESSUN RIMBORSO SARA' CONCESSO",
		"help_learn_more": "Impara di più su RaiBlocks e ricevi qualche XRB (Mrai) gratis su [raiblockscommunity.net](https://raiblockscommunity.net) or in group @RaiBlocks!\nPer fare trading: [BitGrail](https://bitgrail.com/market/BTC-XRB), [Mercatox](https://mercatox.com/exchange), @RaiBlocksTradeBot, @RaiBlocksTrade, e altri in arrivo!..\n\nAvete suggerimenti o volete segnalare un bug? Contattatemi @SergSW (English)\nIL BOT E' FORNITO \"COSI' COM'E'\"",
		"help_advanced_usage": "Per i comandi di base premi il tasto \"Aiuto\" \nEcco alcuni comandi avanzati per controllare il tuo portafoglio \n /help — visualizza la lista dei comandi disponibili\n /account — crea un account, mostra l'account & visualizza il saldo\n /accounts\\_list — multiple accounts management\n /block\\_count — controlla se il portafoglio è sincronizzato!\n /send importo xrb\\_account opzionale\\_pass — invia XRB (Mrai) ad un altro xrb\\_account\n /password InserisciQuiTuaPassword  — proteggi l'account con una password\n /password\\_delete InserisciQuiTuaPassword — elimina la password attuale\n /price — mostra  il valore di mercato di XRB (Mrai)\n /seed — show bot backup Seed\n\nCommissione attuale per le transazioni in uscita: *{0} XRB | 0 XRB* una volta in 24 ore{2}Attuale importo minimo ricevibile: *0.1 XRB (Mrai)*\nAttuale importo minimo inviabile: *{1} XRB (Mrai) + commissione*",
		"account_balance_zero": "Il tuo saldo è *0 XRB (Mrai)*. Invia alcuni XRB (Mrai) al tuo account o richiedine ogni ora col [faucet RaiBlocks]({0})",
		"account_balance_low": "Il tuo saldo: *{2} XRB (Mrai)*. E' inferiore alla commisione attuale {3} XRB (Mrai) + importo minimo inviabile {4} XRB (Mrai).  Invia alcuni XRB (Mrai) al tuo account o richiedine ogni ora col [faucet RaiBlocks]({0})",
		"account_balance": "Il tuo saldo: *{0} XRB (Mrai)*\n~ {1} BTC\nLimite di invio: {2} XRB (Mrai)",
		"account_balance_total": "Il tuo saldo: *{0} XRB (Mrai)*\nLimite di invio: {2} XRB (Mrai)\nBilancio complessivo: *{3} XRB (Mrai)*\n~ {1} BTC",
		"account_your": "Il tuo account RaiBlocks",
		"account_history": "[explorer dell'account — cronologia]({1}{0})\n[distributione — guadagna ogni ora col faucet]({2})\nAccounts aggiuntivi:{3}\n/account\\_add   /accounts\\_hide",
		"account_explorer": "[explorer dell'account]({1}{0})",
		"account_created": "Abbiamo creato un nuovo account RaiBlocks per te! Il tuo account",
		"account_balance_start": "Il tuo saldo iniziale è 0 XRB (Mrai). \"Questo account non esiste ancora sulla blockchain\" (\"This account does not exist on the blockchain yet\") significa che non hai ancora ricevuto nessun XRB (Mrai) yet.\nInvia alcuni XRB (Mrai) al tuo account o richiedine ogni ora col [faucet RaiBlocks]({0})",
		"account_error": "Errore durante la creazione dell'account. Riprova più tardi",
		"account_extra_limit": "Hai raggiunto il limite di account aggiuntivi: *{0}*",
		"send_low_balance": "Il tuo saldo è troppo basso per inviare. Commisisone attuale: {0} XRB (Mrai). Importo minimo inviabile: {1} XRB (Mrai)",
		"send_limit_max": "Non puoi inviare un importo inferiore al tuo saldo – {0} XRB (Mrai) di commissione. Il tuo limite attuale: {1} XRB (Mrai)",
		"send_limit_min": "Non puoi inviare meno di {0} XRB (Mrai)",
		"send_user": "Utente {0} trovato. Ecco il suo account: {1}",
		"send_user_not_found": "Utente {0} non trovato. Forse non ha un account su @RaiWalletBot. Invitalo!",
		"send_completed": "Transazione completata. Commissione: {0} XRB (Mrai). Il tuo saldo attuale: *{1} XRB (Mrai)*. Hash della transazione",
		"send_hash": "[hash nell'explorer dei blocchi]({1}{0})",
		"send_tx_error": "Transazione fallita. Riprovare più tardi. Il tuo saldo attuale: *{0} XRB (Mrai)*",
		"send_error": "Invio fallito. Riprova più tardi",
		"send_password": "La password inserita non è corretta. Digita la tua password per confermare la transazione",
		"send_frontier": "Come livello di protezione aggiuntivo, controlliamo l'hash della tua ultima transazione su raiblockscommunity.net. Il tuo ultimo blocco non è ancora stato visto dal sito. Ritenta l'invio più tardi",
		"send_invalid": "L'indirizzo di destinazione xrb\\_account non è valido",
		"send_digits": "L'importo da inviare deve essere un numero",
		"send_no_account": "Non hai ancora un account RaiBlocks. Digita /account per iniziare",
		"send_no_account_text": "Non hai ancora un account RaiBlocks. Premi \"Account\" per iniziare",
		"send_wrong_command": "Usa il comando /send importo xrb\\_account\nEsempio: /send {0} {1}\nO usa il comando /send\\_from id\\_num importo xrb\\_account\nEsempio: /send\\_from 1 100 {1}\n\nO premi semplicemente il tasto \"Invia\"",
		"send_amount": "Specifica l'importo di XRB (Mrai) che vuoi inviare. Commissione attuale: {0} XRB (Mrai). Importo minimo inviabile: {1} XRB (Mrai)",
		"send_destination": "Per favore specifica l'indirizzo di destinazione xrb\\_account o @NomeUtente (inizia col simbolo @) o carica un codice QR (immagine di buona qualità)",
		"send_confirm": "Conferma che vuoi inviare *{0} XRB (Mrai)* a *{2}*\nTi costerà *{1} XRB (Mrai)* commissioni incluse",
		"send_working": "Transazione in elaborazione...",
		"send_cancelled": "Pagamento annullato",
		"send_from_id_error": "Non c'è nessun ID {0} registrato per il tuo account",
		"price": "_Valore RaiBlocks (XRB)_\nUltimo (BitGrail): *{3} BTC*\nDomanda (BitGrail): *{4} BTC*\nOfferta (BitGrail): *{5} BTC*\n\nUltimo (Mercatox): *{0} BTC*\nDomanda (Mercatox): *{1} BTC*\nOfferta (Mercatox): *{2} BTC*\n\nVolume ultime 24 ore: *{8} XRB (Mrai)*\n*{9} BTC*\nMassimo 24 ore: *{6} BTC*\nMinimo 24 ore: *{7} BTC*",
		"price_options": "Price monitoring: /price\\_above, /price\\_below\n\nPer fare trading: [BitGrail](https://bitgrail.com/market/BTC-XRB), [Mercatox](https://mercatox.com/exchange), @RaiBlocksTradeBot, @RaiBlocksTrade, e altri in arrivo!..",
		"text_decode_error": "Spiacente, impossibile leggere il tuo testo",
		"qr_send": "Invia all'account *{0}*",
		"qr_recognize_error": "Spiacente, riconoscimento del codice QR fallito",
		"qr_account_error": "Spiacente, impossibile trovare xrb\\_account nel tuo codice QR",
		"password_success": "Il tuo account è ora protetto da password!\n*NON DIMENTICARTI la password, non saremo in grado di aiutarti se la perdi!\nCancella tutti i messaggi con la password, in questo modo nessuno potrà recuperarla dalla cronologia!*",
		"password_uppercase": "La password deve contenere lettere MAIUSCOLE, lettere minuscole e numeri.",
		"password_short": "La tua password è troppo corta, per favore inserisci una password più lunga e riprova. La password deve avere almeno 8 caratteri e deve contenere lettere maiuscole, lettere minuscole e numeri.",
		"password_not_empty": "Devi cancellare la vecchia password prima di impostarne una nuova. Usa il comando:\n/password\\_delete InserisciQuiTuaPassword",
		"password_command": "Usa il comando\n/password InserisciQuiTuaPassword",
		"password_delete_success": "La tua vecchia password è stata cancellata. Usa questo comando per impostare una nuova password:\n/password InserisciQuiTuaPassword",
		"password_delete_command": "Usa il comando\n/password\\_delete InserisciQuiTuaPassword",
		"password_error": "La password inserita non è corretta. Riprovare",
		"language": "La tua lingua è Italiano",
		"language_command": "Usa il comando\n/language CodiceDellaLingua",
		"language_error": "Scelta della nuova lingua fallita. Riprovare più tardi",
		"faucet_top": "Il periodo di richiesta al faucet è quasi terminato. Hai fatto ~{1} richieste in quest'ora. Ricompensa stimata: {2} XRB (Mrai)\nCongratulazioni, sei uno degli utenti top del facuet! Riceverai i tuoi XRB (Mrai) nei prossimi minuti",
		"faucet_usual": "Il periodo di richiesta al faucet è quasi terminato. Hai fatto ~{1} richieste in quest'ora. Ricompensa stimata: {2} XRB (Mrai)\nRiceverai i tuoi XRB (Mrai) entro 12 minuti",
		"faucet_low": "Il periodo di richiesta al faucet è quasi terminato. Hai fatto ~{1} richieste in quest'ora. Ricompensa stimata inferiore a 0.1 XRB (Mrai)\nDevi inviare o richiedere al faucet più XRB (Mrai) al tuo account {0}",
		"faucet_claims": "Il periodo di richiesta al faucet è quasi terminato. Hai fatto ~{0} richieste in quest'ora",
		"frontiers_sender_faucet": " da Faucet/Landing",
		"frontiers_sender_bot": " da @RaiWalletBot stesso",
		"frontiers_sender_self": " da te",
		"frontiers_sender_username": " da @{0}",
		"frontiers_sender_account": " da {0}",
		"frontiers_sender_users": " da uno dei nostri utenti {0}",
		"frontiers_sender_by": " per account {1}{0}",
		"frontiers_receive": "*{0} XRB (Mrai)* ricevuti{5}. Hash della transazione: [{3}]({4}{3})\nIl tuo saldo attuale: *{1} XRB (Mrai)*. Limite di invio: {2} XRB (Mrai)"
	},
	"es": {
		"menu": [["Cuenta", "Enviar"], ["Precio", "Idioma 🇬🇧 🇷🇺 🇪🇸"], ["Ayuda"]],
		"yes_no": [["Si", "No"]],
		"delimeter": ":,",
		"ping": "@RaiWalletBot le saluda!",
		"command_not_found": " Comando no encontrado\nPresione \"Ayuda\" para mostrar los comandos disponibles\nEscriba /help para uso avanzado",
		"ddos_error": "No puede enviar comandos más rápido de una sola vez en {0} segundos",
		"start_introduce": "¡Hola!\nSoy @RaiWalletBot – Su bot de Telegram para administrar la criptodivisa RaiBlocks",
		"start_basic_commands": "Aquí hay algunos comandos básicos para controlar su cartera\nPresione \"Cuenta\" para mostrar la cuenta y revisar el balance\nPresione \"Precio\" para mostrar el precio de mercado del XRB (Mrai)\nPresione \"Enviar\" para empezar a enviar\n\nComisión actual de transacciones salientes: *{0} XRB | 0 XRB* una vez en 24 horas{2}Cantidad mínima actual para recibir: *0.1 XRB (Mrai)*\nCantidad minima actual para enviar: *{1} XRB (Mrai) + comisión*\n\npara comandos avanzados use /help",
		"start_learn_more": "Aprenda más acerca de la criptodivisa RaiBlocks y gane algunos XRB (Mrai) gratis en [raiblockscommunity.net](https://raiblockscommunity.net) o en el grupo @RaiBlocks!\nComercio: [BitGrail](https://bitgrail.com/market/BTC-XRB), [Mercatox](https://mercatox.com/exchange), @RaiBlocksTradeBot, @RaiBlocksTrade, más opciones próximamente!...\n\nEL BOT ES PROPORCIONADO \"TAL CUAL ES\" Y EL AUTOR RENUNCIA A TODAS LAS GARANTÍAS EN RELACIÓN CON ESTE BOT. USTED ASUME LA RESPONSABILIDAD POR SUS ACCIONES, Y NO SE EMITIRÁN REEMBOLSOS.",
		"help_learn_more": "Aprenda más acerca de la criptodivisa RaiBlocks y gane algunos XRB (Mrai) gratis en [raiblockscommunity.net](https://raiblockscommunity.net) o en el grupo @RaiBlocks!\nComercio: [BitGrail](https://bitgrail.com/market/BTC-XRB), [Mercatox](https://mercatox.com/exchange), @RaiBlocksTradeBot, @RaiBlocksTrade, más opciones próximamente!...\n\n¿Alguna sugerencia o error? Contácteme @SergSW (English)\nEL BOT ES PROPORCIONADO \"TAL CUAL ES\"",
		"help_advanced_usage": "Para comandos básicos presione el botón \"Ayuda\"\nAquí hay algunos comandos avanzados para controlar su cartera \n /help — Lista de comandos disponibles\n /account — crear cuenta, mostrar cuenta y revisar balance\n /accounts\\_list — multiple accounts management\n /block\\_count — comprobar que la cartera está al día!\n /send cantidad cuenta xrb contraseña opcional — enviar XRB (Mrai) a otra cuenta xrb\n /password AquíSuContraseña — proteger la cuenta con contraseña\n /password\\_delete AquíSuContraseña — eliminar la contraseña existente\n /price — mostrar el precio de mercado del XRB (Mrai)\n /seed — show bot backup Seed\n\nComisión actual de transacciones salientes: *{0} XRB | 0 XRB* una vez en 24 horas{2}Cantidad mínima actual para recibir: *0.1 XRB (Mrai)*\nCantidad minima actual para enviar: *{1} XRB (Mrai) + comisión*",
		"account_balance_zero": "Su balance es *0 XRB (Mrai)*. Envíe algunos XRB (Mrai) a su cuenta o reclame a cada hora con la [Faucet de RaiBlocks]({0})",
		"account_balance_low": "Su balance: *{2} XRB (Mrai)*. Este es menor que la comisión actual de {3} XRB (Mrai) + el minimo de envío de {4} XRB (Mrai). Envíe algunos XRB (Mrai) a su cuenta o reclame a cada hora con la [Faucet de RaiBlocks]({0})",
		"account_balance": "Su balance: *{0} XRB (Mrai)*\n~ {1} BTC\nLímite de envío: {2} XRB (Mrai)",
		"account_your": "Su cuenta RaiBlocks",
		"account_history": "[cuenta en el explorador — historial]({1}{0})\n[distribución — gane a cada hora con la faucet]({2})\nAdditional accounts:{3}\n/account\\_add   /accounts\\_hide",
		"account_explorer": "[cuenta en el explorador]({1}{0})",
		"account_created": "¡Creamos una nueva cuenta RaiBlocks para usted! Su cuenta",
		"account_balance_start": "Su balance inicial es 0 XRB (Mrai). \"Esta cuenta todavía no existe en el blockchain\" lo cual significa que todavía no ha recibido ningún XRB (Mrai).\nEnvíe algunos XRB (Mrai) a su cuenta o reclame a cada hora con la [Faucet de RaiBlocks]({0})",
		"account_error": "Error al crear la cuenta. Inténtelo de nuevo más tarde",
		"send_low_balance": "Su balance es muy bajo para enviar. Comisión actual: {0} XRB (Mrai). Minimo de envío: {1} XRB (Mrai)",
		"send_limit_max": "Usted no puede enviar más que su balance – {0} XRB (Mrai) de comisión. Su límite actual: {1} XRB (Mrai)",
		"send_limit_min": "Usted no puede enviar menos que el minimo de {0} XRB (Mrai)",
		"send_user": "Usuario {0} encontrado. Su cuenta: {1}",
		"send_user_not_found": "Usuario {0} no encontrado. Talvez él no tiene cuenta en @RaiWalletBot. ¡Invitelo!",
		"send_completed": "Transacción completada. Comisión: {0} XRB (Mrai). Su balance actual: *{1} XRB (Mrai)*. Hash de la transacción",
		"send_hash": "[hash en el explorador de bloques]({1}{0})",
		"send_tx_error": "Transacción fallida. Inténtelo de nuevo más tarde. Su balance actual: *{0} XRB (Mrai)*",
		"send_error": "Error al enviar. Inténtelo de nuevo más tarde",
		"send_password": "La contraseña que ha escrito es incorrecta. Escriba su contraseña para confirmar la transacción",
		"send_frontier": "Como nivel adicional de protección, revisamos el último hash de su transacción en raiblockscommunity.net. Su último bloque no fue encontrado en el sitio web todavía. Intente enviar más tarde",
		"send_invalid": "La cuenta xrb de destino es inválida",
		"send_digits": "La cantidad de envío debe contener números SOLAMENTE",
		"send_no_account": "Usted todavía no tiene cuenta RaiBlocks. Escriba /account para iniciar",
		"send_no_account_text": "Usted todavía no tiene cuenta RaiBlocks. Presione \"Cuenta\" para iniciar",
		"send_wrong_command": "Use el comando /send cantidad xrb\\_cuenta\nEjemplo: /send {0} {1}\nO use el comando /send\\_from id\\_num cantidad xrb\\_cuenta\nEjemplo: /send\\_from 1 100 {1}\n\nO simplemente presione el botón \"Enviar\"",
		"send_amount": "Por favor, especifique la cantidad de XRB (Mrai) que desea enviar. Comisión actual: {0} XRB (Mrai). Minimo de envío: {1} XRB (Mrai)",
		"send_destination": "Por favor, especifique la cuenta xrb de destino o @Usuario (iniciando con el signo @) o suba un código QR (limpio, imagen de buena calidad)",
		"send_confirm": "Confirme que desea enviar *{0} XRB (Mrai)* a *{2}*\nEsto le constará *{1} XRB (Mrai)* con comisiones",
		"send_working": "Trabajando en su transacción...",
		"send_cancelled": "Pago cancelado",
		"price": "_Precio RaiBlocks (XRB)_\nÚltimo (BitGrail): *{3} BTC*\nVenta (BitGrail): *{4} BTC*\nCompra (BitGrail): *{5} BTC*\n\nÚltimo (Mercatox): *{0} BTC*\nVenta (Mercatox): *{1} BTC*\nCompra (Mercatox): *{2} BTC*\n\nVolumen de 24 horas: *{8} XRB (Mrai)*\n*{9} BTC*\nMás alto en 24 horas: *{6} BTC*\nMás bajo en 24 horas: *{7} BTC*",
		"price_options": "Price monitoring: /price\\_above, /price\\_below\n\nComercio: [BitGrail](https://bitgrail.com/market/BTC-XRB), [Mercatox](https://mercatox.com/exchange), @RaiBlocksTradeBot, @RaiBlocksTrade, más opciones próximamente!...",
		"text_decode_error": "Lo siento, no puedo leer su texto",
		"qr_send": "Enviar a la cuenta *{0}*",
		"qr_recognize_error": "Lo siento, no puedo reconocer su código QR",
		"qr_account_error": "Lo siento, no puedo encontrar la cuenta xrb en su código QR",
		"password_success": "Ahora su cuenta está protegida con contraseña!\n*NO OLVIDE su contraseña, no podemos ayudarle si la pierde!\nElimine todos los mensajes con contraseña para que nadie pueda recuperar la contraseña desde el historial!*",
		"password_uppercase": "La contraseña debe incluir letras MAYÚSCULAS, letras minúsculas y dígitos",
		"password_short": "Su contraseña es demasiado corta, ingrese una contraseña más larga y vuelva a intentarlo. La contraseña debe tener al menos 8 caracteres, incluyendo letras mayúsculas, minúsculas y dígitos",
		"password_not_empty": "Debe eliminar la contraseña antigua antes de establecer una nueva. Use el comando:\n/password\\_delete AquíSuContraseña",
		"password_command": "Use el comando \n/password AquíSuContraseña",
		"password_delete_success": "Su contraseña antigua se eliminó correctamente. Use este comando para establecer una nueva contraseña:\n/password AquíSuContraseña",
		"password_delete_command": "Use el comando\n/password\\_delete AquíSuContraseña",
		"password_error": "La contraseña que ha escrito es incorrecta. Intente nuevamente",
		"language": "Su idioma es Español",
		"language_command": "Use el comando\n/language CódigoIdioma",
		"language_error": "Error al establecer nuevo idioma. Inténtelo de nuevo más tarde",
		"faucet_top": "El período de reclamo de la faucet está por terminar. Usted hizo ~{1} reclamos esta hora. Recompenza estimada: {2} XRB (Mrai)\nFelicidades, usted es uno de los reclamadores Top! Usted recibirá su XRB (Mrai) en los próximos minutos",
		"faucet_usual": "El período de reclamo de la faucet está por terminar. Usted hizo ~{1} reclamos esta hora. Recompenza estimada: {2} XRB (Mrai)\nUsted recibirá su XRB (Mrai) en los próximos 12 minutos",
		"faucet_low": "El período de reclamo de la faucet está por terminar. Usted hizo ~{1} reclamos esta hora. La recompenza estimada es menor que 0.1 XRB (Mrai)\nUsted tiene que enviar o reclamar más XRB (Mrai) a su cuenta {0}",
		"faucet_claims": "El período de reclamo de la faucet está por terminar. Usted hizo ~{0} reclamos esta hora",
		"frontiers_sender_faucet": " desde Faucet/Landing",
		"frontiers_sender_bot": " desde el mismo @RaiWalletBot",
		"frontiers_sender_self": " desde ti",
		"frontiers_sender_username": " desde @{0}",
		"frontiers_sender_account": " desde {0}",
		"frontiers_sender_users": " desde alguno de nuestros usuarios {0}",
		"frontiers_sender_by": " por cuenta {1}{0}",
		"frontiers_receive": "*{0} XRB (Mrai)* recibidos{5}. Hash de la transacción: [{3}]({4}{3})\nSu balance actual: *{1} XRB (Mrai)*. Límite de envío: {2} XRB (Mrai)"
	},
	"vi": {
		"menu": [["Tài khoản", "Gửi"], ["Giá", "Ngôn ngữ 🇬🇧 🇷🇺 🇻🇳"], ["Giúp đỡ"]],
		"yes_no": [["Vâng", "Không"]],
		"delimeter": ":,",
		"ping": "@RaiWalletBot chào bạn!",
		"command_not_found": "Không tìm thấy lệnh\nGõ \"Giúp đỡ\" để hiện các lệnh có sẵn\nGõ /help giúp cho việc sử dụng nâng cao",
		"ddos_error": "Bạn không thể gửi lệnh nhanh hơn một lần trong 0 giây",
		"start_introduce": "Xin chào!\nTôi là @RaiWalletBot - bot Telegram của bạn để quản lý RaiBlocks tiền điện tử",
		"start_basic_commands": "Dưới đây là một số lệnh cơ bản để kiểm soát ví của bạn :\nNhấn \"Tài khoản\" để hiển thị tài khoản và kiểm tra số dư\nNhấn \"Giá\" để hiển thị giá thị trường XRB (Mrai)\nNhấn \"Gửi\" để bắt đầu gửi\n\nCước phí hiện tại cho giao dịch mua hàng: *{0} XRB | 0 XRB* một lần trong 24 giờ{2}Mức tối thiểu hiện tại để nhận: *0.1 XRB (Mrai)*\nTối thiểu để gửi là: *{1} XRB (Mrai) + phí*\n\nLoại lệnh nâng cao nhấn /help",
		"start_learn_more": "Tìm hiểu thêm về RaiBlocks và kiếm được một số XRB miễn phí (Mrai) tại [raiblockscommunity.net](https://raiblockscommunity.net) hoặc trong nhóm @RaiBlocks!\nGiao dịch: [BitGrail] (https://bitgrail.com/market/BTC-XRB), [Mercatox] (https://mercatox.com/exchange), @RaiBlocksTradeBot, @RaiBlocksTrade, sẽ có thêm nhiều tùy chọn sắp tới!..\n\nBOT ĐƯỢC CUNG CẤP \"GIỐNG NHƯ\" VÀ là TÁC GIẢ TẤT CẢ CÁC BẢO ĐẢM LIÊN QUAN ĐẾN BOT NÀY. BẠN PHẢI CHỊU TRÁCH NHIỆM ĐỐI VỚI HOẠT ĐỘNg CỦA BẠN, VÀ KHÔNG TRẢ LẠI XRB (MRAI) NẾU BẠN SAI LẦM",
		"help_learn_more": "Tìm hiểu thêm về RaiBlocks và kiếm được một số XRB miễn phí (Mrai) tại [raiblockscommunity.net](https://raiblockscommunity.net) hoặc trong nhóm @RaiBlocks!\nGiao dịch: [BitGrail](https://bitgrail.com/market/BTC-XRB), [Mercatox](https://mercatox.com/exchange), @RaiBlocksTradeBot, @RaiBlocksTrade, sẽ có thêm nhiều tùy chọn sắp tới!\n\nBOT ĐƯỢC CUNG CẤP \"GIỐNG NHƯ\"",
		"help_advanced_usage": "Đối với lệnh cơ bản, hãy nhấn nút \"Trợ giúp\"\nCó một số lệnh tiên tiến để kiểm soát ví của bạn\n /help – nhận danh sách các lệnh có sẵn\n /account – tạo tài khoản, hiển thị tài khoản và kiểm tra số dư\n /accounts\\_list — multiple accounts management\n /block\\_count – kiểm tra ví tiền của chúng tôi được cập nhật! /send số\\_tiền xrb\\_tài\\_khoản tùy\\_chọn\\_pass – gửi XRB (Mrai) sang tài khoản khác xrb\\_tài\\_khoản\n /password ĐẶT MẬT KHẨU – bảo vệ tài khoản bằng mật khẩu\n /password\\_delete MẬT KHẨU CŨ – xóa MẬT KHẨU CŨ\n /price – hiển thị giá thị trường XRB (Mrai)\n /seed — show bot backup Seed\n\nLượng phí hiện tại cho giao dịch mua hàng: *{0} XRB | 0 XRB* một lần trong 24 giờ{2}Mức tối thiểu hiện tại để nhận được: *0.1 XRB (Mrai)*\nTối thiểu để gửi: *{1} XRB (Mrai) + phí*",
		"account_balance_zero": "Số dư của bạn là *0 XRB (Mrai)*. Gửi một số XRB (Mrai) vào tài khoản hoặc NHẬN MiỄN PHÍ HÀNG GiỜ TẠI [RaiBlocks faucet]({0})",
		"account_balance_low": "Số dư của bạn: *{2} XRB (Mrai)*. Nó ít hơn phí hiện tại {3} XRB (Mrai) + tối thiểu gửi {4} XRB (Mrai). Gửi một số XRB (Mrai) vào tài khoản hoặc NHẬN MiỄN PHÍ HÀNG GiỜ TẠI [RaiBlocks faucet]({0})",
		"account_balance": "Số dư của bạn:* {0} XRB (Mrai)*\n~ {1} BTC \nGiới hạn gửi: {2} XRB (Mrai)",
		"account_your": "TÀI KHOẢN RAIBLOCK CỦA BẠN",
		"account_history": "[HỆ THỐNG TÀI KHOẢN - LỊCH SỬ]({1}{0})\n[NHẬN ĐƯỢC HÀNG GiỜ VỚI FAUCE]({2})\nAdditional accounts:{3}\n/account\\_add   /accounts\\_hide",
		"account_explorer": "[HỆ THỐNG TÀI KHOẢN]({1}{0})",
		"account_created": "Chúng tôi tạo tài khoản RaiBlocks mới cho bạn! Tài khoản của bạn",
		"account_balance_start": "Số dư ban đầu của bạn là 0 XRB (Mrai). \"Tài khoản này không tồn tại trên blockchain\" (\"This account does not exist on the blockchain yet\") có nghĩa là bạn chưa nhận được XRB (Mrai) nào.\n Gửi một số XRB (Mrai) vào tài khoản của bạn hoặc NHẬN MiỄN PHÍ TẠI [RaiBlocks faucet]({0})",
		"account_error": "TẠO TÀI KHOẢN BỊ LỖI. VUI LÒNG THỬ LẠI SAU",
		"send_low_balance": "Số dư của bạn quá nhỏ để gửi. Phí hiện hành: {0} XRB (Mrai). Gửi tối thiểu: {1} XRB (Mrai)",
		"send_limit_max": "Bạn không thể gửi nhiều hơn số dư của mình - {0} Phí XRB (Mrai). Giới hạn hiện tại của bạn: {1} XRB (Mrai)",
		"send_limit_min": "Bạn không thể gửi ÍT HƠN {0} XRB (Mrai)",
		"send_user": "Người dùng {0} đã tìm thấy. Tài khoản của ANH/CÔ ẤY: {1}",
		"send_user_not_found": "Người dùng {0} không tìm thấy. Có lẽ anh ta không có tài khoản trong @RaiWalletBot. Mời anh ấy!",
		"send_completed": "Giao dịch hoàn tất. Phí: {0} XRB (Mrai). Số dư hiện tại của bạn: *{1} XRB (Mrai)*. MÃ giao dịch",
		"send_hash": "[MÃ GIAO DỊCH TRONG KHỐI ĐẾMi]({1}{0})",
		"send_tx_error": "Giao dịch thất bại. Thử lại sau. Số dư hiện tại của bạn: *{0} XRB (Mrai)*",
		"send_error": "Gửi thất bại. Thử lại sau",
		"send_password": "Mật khẩu bạn đã nhập không đúng. Nhập mật khẩu của bạn để xác nhận giao dịch",
		"send_frontier": "Là mức độ bảo vệ bổ sung, chúng tôi kiểm tra giao dịch cuối cùng của bạn MÃ GIAO DỊCH tại raiblockscommunity.net. Khối cuối cùng của bạn chưa được tìm thấy ở trang web. Hãy thử gửi sau",
		"send_invalid": "Địa chỉ  xrb\\_tài\\_khoản không hợp lệ",
		"send_digits": "SỐ TiỀN GỬI PHẢI LÀ SỐ NGUYÊN",
		"send_no_account": "Bạn chưa có tài khoản của RaiBlocks. NHẬP /account để bắt đầu",
		"send_no_account_text": "Bạn chưa có tài khoản của RaiBlocks. Nhấn \"Tài khoản\" để bắt đầu",
		"send_wrong_command": "Sử dụng lệnh /send số\\_tiền xrb\\_tài\\_khoản\nVí dụ: /send {0} {1}\nHoặc sử dụng lệnh /send\\_from id\\_num số\\_tiền xrb\\_tài\\_khoản\nVí dụ: /send\\_from 1 100 {1}\n\nHoặc đơn giản bấm nút \"Gửi\"",
		"send_amount": "Vui lòng chỉ định số lượng XRB (Mrai) mà bạn muốn gửi. Phí hiện hành: {0} XRB (Mrai). Gửi tối thiểu: {1} XRB (Mrai)",
		"send_destination": "Hãy chỉ định điểm đến xrb\\_tài\\_khoản hoặc @UserName (bắt đầu bằng @ sign) hoặc tải lên mã QR (hình ảnh sạch sẽ, chất lượng tốt nhất)",
		"send_confirm": "Xác nhận bạn muốn gửi *{0} XRB (Mrai)* đến *{2}*\nNó sẽ tính phí bạn *{1} XRB (Mrai)* với phí",
		"send_working": "Đang làm việc trong giao dịch của bạn ...",
		"send_cancelled": "GIAO DỊCH HỦY BỎ",
		"price": "_RaiBlocks (XRB) GIÁ_\nLẦN CUỐI (BitGrail): *{3} BTC*\nHỎI (BitGrail): *{4} BTC*\nĐẶT GIÁ (BitGrail): *{5} BTC*\n\nLẦN CUỐI (Mercatox): *{0} BTC*\nHỎI (Mercatox): *{1} BTC*\nĐẶT GIÁ (Mercatox): *{2} BTC*\n\n24 giờ KHỐI LƯỢNG: *{8} XRB (Mrai)*\n*{9} BTC*\n24 giờ Cao NHẤT : *{6} BTC*\n24 giờ Thấp: *{7} BTC*",
		"price_options": "Price monitoring: /price\\_above, /price\\_below\n\nGiao dịch: [BitGrail](https://bitgrail.com/market/BTC-XRB), [Mercatox](https://mercatox.com/exchange), @RaiBlocksTradeBot, @RaiBlocksTrade, sẽ có thêm nhiều tuỳ chọn!",
		"text_decode_error": "Xin lỗi, nhưng tôi không thể đọc văn bản của bạn",
		"qr_send": "Gửi đến tài khoản *{0}*",
		"qr_recognize_error": "Xin lỗi, nhưng tôi không thể nhận ra mã QR của bạn",
		"qr_account_error": "Xin lỗi, nhưng tôi không thể tìm thấy xrb\\_tài\\_khoản trong mã QR của bạn",
		"password_success": "Bây giờ tài khoản của bạn được bảo vệ bằng mật khẩu!\n*KHÔNG ĐƯỢC quên mật khẩu, chúng tôi không thể giúp bạn, nếu bạn bị mất nó!\nXÓA tất cả các tin nhắn CÓ mật khẩu để không ai có thể lấy MẬT KHẨU từ lịch sử*",
		"password_uppercase": "Mật khẩu phải bao gồm chữ cái ViẾT HOA, chữ thường và chữ số",
		"password_short": "Mật khẩu của bạn quá ngắn, hãy nhập mật khẩu dài hơn và thử lại. Mật khẩu phải có ít nhất 8 ký tự kể cả chữ in hoa, chữ thường và chữ số",
		"password_not_empty": "Bạn nên xóa mật khẩu cũ trước khi đặt mới. Sử dụng lệnh:\n/password\\_delete MẬT KHẨU CỦA BẠN",
		"password_command": "Sử dụng lệnh\n/password MẬT KHẨU CỦA BẠN",
		"password_delete_success": "Mật khẩu cũ của bạn đã được xoá thành công. Sử dụng lệnh này để đặt mật khẩu mới:\n/password MẬT KHẨU CỦA BẠN",
		"password_delete_command": "Sử dụng lệnh\n/password\\_delete MẬT KHẨU CỦA BẠN",
		"password_error": "Mật khẩu bạn đã nhập không đúng. Thử lại",
		"language": "Ngôn ngữ của bạn là Tiếng Anh",
		"language_command": "sử dụng lệnh /laguage LangCode",
		"language_error": "Không thể thiết lập mới ngôn ngữ Hãy thử lại sau",
		"faucet_top": "Thời gian yêu cầu đã qua. Bạn đã thực hiện ~{1} lượt bấm trong giờ này. Phần thưởng ước tính: {2} XRB (Mrai)\nXin chúc mừng, bạn là một trong những người đứng đầu! Bạn sẽ nhận được XRB (Mrai) trong vài phút tới",
		"faucet_usual": "Thời gian yêu cầu đã qua. Bạn đã thực hiện ~{1} lượt bấm trong giờ này. Phần thưởng ước tính: {2} XRB (Mrai). Bạn sẽ nhận được phần thưởng trong 12 phút tiếp theo",
		"faucet_low": "Thời gian yêu cầu đã qua. Bạn đã thực hiện ~{1} lượt bấm trong giờ này. Phần thưởng thấp hơn 0.1 XRB (Mrai). Bạn hẫy tiếp tục gửi hoặc bấm thêm để được nhận XRB (Mrai)",
		"faucet_claims": "Thời gian yêu cầu đã qua. Bạn đã thực hiện được ~{0} bấm trong giờ này",
		"frontiers_sender_faucet": " từ Faucet/Landing",
		"frontiers_sender_bot": " từ @RaiWalletBot chính nó",
		"frontiers_sender_self": " từ bạn",
		"frontiers_sender_username": " từ  @{0}",
		"frontiers_sender_account": " từ {0}",
		"frontiers_sender_users": " từ một trong các người dùng của chúng tôi {0}",
		"frontiers_sender_by": " theo tài khoản {1}{0}",
		"frontiers_receive": "*{0} XRB (Mrai)* đã nhận được{5}. Mã giao dịch: [{3}]({4}{3})\nSố dư hiện tại của bạn: *{1} XRB (Mrai)*. Giới hạn gửi: {2} XRB (Mrai)"
	}
}